[{"Categorias": "Salas ", "Linea": "Salas ", "Sublinea": "Sof\u00e1s", "Nombre": "Sof\u00e1 Bolonia", "Precio1": "4999000", "Precio2": "5490002", "Medidas": "", "Estructura": "21 d\u00edas h\u00e1biles", "Espuma": "Espuma industrializada de alta densidad y alta resistencia", "Tela": "Telas de alta resistencia al desgaste", "Origen": "100% producci\u00f3n nacional. ", "Certifications": "", "Tiempo de entrega": "", "Materiales": "", "Img_url": "https://aristas.co/wp-content/uploads/2023/09/Sofa-bolonia-blanco-frente.jpg", "Product_url": "https://aristas.co/producto/sofa-3p-h008-bolonia-verde-imp/"}, {"Categorias": "Salas ", "Linea": "Salas ", "Sublinea": "Sof\u00e1s", "Nombre": "Sof\u00e1 3 puestos Orleans HC-838 FAB", "Precio1": "5599000", "Precio2": "", "Medidas": "", "Estructura": "", "Espuma": "Espuma inyectada de alta densidad y alta resistencia", "Tela": "Telas de alta resistencia al desgaste", "Origen": "Medio Oriente ", "Certifications": "", "Tiempo de entrega": "8 d\u00edas h\u00e1biles", "Materiales": "", "Img_url": "https://aristas.co/wp-content/uploads/2023/11/frente-16.jpg", "Product_url": "https://aristas.co/producto/sofa-3-puestos-orleans-hc-838-fab/"}, {"Categorias": "Salas ", "Linea": "Salas ", "Sublinea": "Sof\u00e1s", "Nombre": "Sof\u00e1 2 puestos Orleans HC-821-2S FAB", "Precio1": "6599000", "Precio2": "", "Medidas": "", "Estructura": "", "Espuma": "Espuma inyectada de alta densidad y alta resistencia", "Tela": "Telas de alta resistencia al desgaste", "Origen": "Medio Oriente ", "Certifications": "", "Tiempo de entrega": "8 d\u00edas h\u00e1biles", "Materiales": "", "Img_url": "https://aristas.co/wp-content/uploads/2023/11/frente-5-1.jpg", "Product_url": "https://aristas.co/producto/sofa-2-puestos-orleans-hc-821-2s-fab/"}, {"Categorias": "Salas ", "Linea": "Salas ", "Sublinea": "Sof\u00e1s", "Nombre": "Sof\u00e1 Milan", "Precio1": "2722000", "Precio2": "3500000", "Medidas": "", "Estructura": "Patas taco con acabo en pintura Nogal y Chocolate.", "Espuma": "Resorte Nosag e hilo PP. Espuma industrializada flexible de poliuretano de alta densidad y alta resistencia", "Tela": "", "Origen": "100% producci\u00f3n nacional. ", "Certifications": "Maderas Reforestadas: FSC > Rainforest alliance > Espuma ISO 9001. ", "Tiempo de entrega": "21 d\u00edas h\u00e1biles.", "Materiales": "", "Img_url": "https://aristas.co/wp-content/uploads/2023/08/SOFA-MILANO-8.jpg", "Product_url": "https://aristas.co/producto/sofa-milan/"}, {"Categorias": "Salas ", "Linea": "Salas ", "Sublinea": "Sof\u00e1s", "Nombre": "Sof\u00e1 Estambul", "Precio1": "3999000", "Precio2": "4599000", "Medidas": "", "Estructura": "Estructura en pino radiata, hilos de polipropileno, espuma industrializada flexible de poliuretano de alta densidad y alta resistencia, resorte nosag y resortes encapsulados.", "Espuma": "Espuma industrializada de alta densidad y alta resistencia", "Tela": "Telas de alta resistencia al desgaste", "Origen": "100% producci\u00f3n nacional. ", "Certifications": "Maderas Reforestadas: FSC > Rainforest alliance > Espuma ISO 9001. ", "Tiempo de entrega": "21 d\u00edas h\u00e1biles.", "Materiales": "", "Img_url": "https://aristas.co/wp-content/uploads/2023/08/Sofa-estambul-3-puestos-frente.jpg", "Product_url": "https://aristas.co/producto/sofa-estambul-nal/"}, {"Categorias": "Salas ", "Linea": "Salas ", "Sublinea": "Sof\u00e1s", "Nombre": "Sof\u00e1 Demand", "Precio1": "2815000", "Precio2": "3600000", "Medidas": "", "Estructura": "", "Espuma": "", "Tela": "Telas de alta resistencia al desgaste", "Origen": "100% producci\u00f3n nacional. ", "Certifications": "Maderas Reforestadas: FSC > Rainforest alliance > Espuma ISO 9001. ", "Tiempo de entrega": "21 d\u00edas h\u00e1biles.", "Materiales": "", "Img_url": "https://aristas.co/wp-content/uploads/2023/08/frente-1-scaled-1.jpg", "Product_url": "https://aristas.co/producto/sofa-demand/"}, {"Categorias": "Salas ", "Linea": "Salas ", "Sublinea": "Sof\u00e1s", "Nombre": "Sof\u00e1 Cronos", "Precio1": "3600000", "Precio2": "4169000", "Medidas": "", "Estructura": "21 d\u00edas h\u00e1biles", "Espuma": "Espuma industrializada de alta densidad y resiliencia \u2013 Resortes Encapsulados independientes.", "Tela": "Telas de alta resistencia al desgaste.", "Origen": "100% producci\u00f3n nacional. ", "Certifications": "Maderas Reforestadas: FSC, PEFC > Rainforest alliance > ; Espuma ISO 9001. ", "Tiempo de entrega": "21 d\u00edas h\u00e1biles", "Materiales": "", "Img_url": "https://aristas.co/wp-content/uploads/2023/08/1-Sofa-Cronos-_-Cuarzo-1.jpg", "Product_url": "https://aristas.co/producto/sofa-cronos/"}, {"Categorias": "Salas ", "Linea": "Salas ", "Sublinea": "Sof\u00e1s", "Nombre": "Sof\u00e1 Julieta", "Precio1": "2695530", "Precio2": "3572000", "Medidas": "", "Estructura": "21 d\u00edas h\u00e1biles", "Espuma": "Espuma industrializada de alta densidad y resiliencia \u2013 Resortes encapsulados independientes.", "Tela": "Telas de alta resistencia al desgaste.", "Origen": "100% producci\u00f3n nacional. ", "Certifications": "Maderas Reforestadas: FSC > Rainforest alliance > Espuma ISO 9001. ", "Tiempo de entrega": "21 d\u00edas h\u00e1biles", "Materiales": "", "Img_url": "https://aristas.co/wp-content/uploads/2023/08/1-Sofa-Julieta-_-Cuarzo.jpg", "Product_url": "https://aristas.co/producto/sofa-julieta/"}, {"Categorias": "Salas ", "Linea": "Salas ", "Sublinea": "Sof\u00e1s", "Nombre": "Sof\u00e1 Austin", "Precio1": "2732235", "Precio2": "3546000", "Medidas": "", "Estructura": "21 d\u00edas h\u00e1biles", "Espuma": "Espuma industrializada de alta densidad y resiliencia \u2013 Resortes encapsulados independientes en cada coj\u00edn de asiento.", "Tela": "Telas de alta resistencia al desgaste \u2013 Tipo Dickens Terciopelo., Telas de alta resistencia al desgaste.", "Origen": "100% producci\u00f3n nacional. ", "Certifications": "Maderas Reforestadas: FSC > Rainforest alliance > Espuma ISO 9001. ", "Tiempo de entrega": "21 d\u00edas h\u00e1biles", "Materiales": "", "Img_url": "https://aristas.co/wp-content/uploads/2023/08/1-Sofa-Austin-_-Roca-1.jpg", "Product_url": "https://aristas.co/producto/sofa-austin/"}, {"Categorias": "Salas ", "Linea": "Salas ", "Sublinea": "Sof\u00e1s", "Nombre": "Sof\u00e1 Maia", "Precio1": "4177000", "Precio2": "4804000", "Medidas": "", "Estructura": "21 d\u00edas h\u00e1biles", "Espuma": "Espuma industrializada de alta densidad > Resortes Encapsulados independientes.", "Tela": "Telas de alta gama, con resistencia al desgaste.", "Origen": "100% producci\u00f3n nacional. ", "Certifications": "Maderas Reforestadas: FSC > Rainforest alliance > Espuma ISO 9001. ", "Tiempo de entrega": "41 d\u00edas h\u00e1biles.", "Materiales": "", "Img_url": "https://aristas.co/wp-content/uploads/2023/08/1.Sofa-maia-dikens-cuarzo.jpg", "Product_url": "https://aristas.co/producto/sofa-maia/"}, {"Categorias": "Salas ", "Linea": "Salas ", "Sublinea": "Sof\u00e1s", "Nombre": "Sof\u00e1 New Belt Plumas", "Precio1": "3581000", "Precio2": "4283000", "Medidas": "", "Estructura": "", "Espuma": "Espuma industrializada de alta densidad y resiliencia. Resortes Encapsulados independientes.", "Tela": "Telas de alta resistencia al desgaste", "Origen": "100% producci\u00f3n nacional. ", "Certifications": "Maderas Reforestadas: FSC > Rainforest alliance > Espuma ISO 9001. ", "Tiempo de entrega": "21 d\u00edas h\u00e1biles.", "Materiales": "", "Img_url": "https://aristas.co/wp-content/uploads/2023/08/Sofa-new-belt-3-puestos.jpg", "Product_url": "https://aristas.co/producto/sofa-new-belt/"}, {"Categorias": "Salas ", "Linea": "Salas ", "Sublinea": "Sof\u00e1s", "Nombre": "Sof\u00e1 Floyd", "Precio1": "3277000", "Precio2": "4125000", "Medidas": "", "Estructura": "", "Espuma": "Espuma industrializada de poliuretano de alta densidad y resiliencia. Pluma de pato de 2 a 4 cms en su coj\u00edn de espaldar con certificaci\u00f3n de pluma proveniente de un \u00e1rea no epizo\u00f3tica. Resortes Pocket y cincha.", "Tela": "Telas de alta resistencia al desgaste.", "Origen": "100% producci\u00f3n nacional. ", "Certifications": "Maderas Reforestadas: FSC, PEFC > Rainforest alliance > ; Espuma ISO 9001. ", "Tiempo de entrega": "21 d\u00edas h\u00e1biles.", "Materiales": "", "Img_url": "https://aristas.co/wp-content/uploads/2023/08/1.SOFA-FLOYD-2P.jpg", "Product_url": "https://aristas.co/producto/sofa-floyd/"}, {"Categorias": "Salas ", "Linea": "Salas ", "Sublinea": "Sof\u00e1s", "Nombre": "Sof\u00e1 Modular Roma", "Precio1": "4000002", "Precio2": "4398000", "Medidas": "", "Estructura": "21 d\u00edas h\u00e1biles", "Espuma": "Espuma industrializada de alta densidad y resiliencia > Resortes en cincha, Nosag y pocket en el asiento en el asiento > Pluma de pato de 2 a 4 cms, certificaci\u00f3n de pluma proveniente de un \u00e1rea no epizo\u00f3tica.", "Tela": "Telas de alta resistencia al desgaste.", "Origen": "100% producci\u00f3n nacional. ", "Certifications": "Maderas Reforestadas: FSC > Rainforest alliance > Espuma ISO 9001. ", "Tiempo de entrega": "21 d\u00edas h\u00e1biles", "Materiales": "", "Img_url": "https://aristas.co/wp-content/uploads/2023/08/1.Sofa-Roma.jpg", "Product_url": "https://aristas.co/producto/sofa-modular-roma/"}, {"Categorias": "Salas ", "Linea": "Salas ", "Sublinea": "Sof\u00e1s", "Nombre": "Sof\u00e1 Duomo Plumas", "Precio1": "3628000", "Precio2": "4620000", "Medidas": "", "Estructura": "21 d\u00edas h\u00e1biles", "Espuma": "Espuma industrializada de alta densidad > Pluma de pato de 2 a 4 cms, certificaci\u00f3n de pluma proveniente de un \u00e1rea no epizo\u00f3tica.", "Tela": "Telas de alta resistencia al desgaste.", "Origen": "100% producci\u00f3n nacional. ", "Certifications": "Maderas Reforestadas: FSC > Rainforest alliance > Espuma ISO 9001. ", "Tiempo de entrega": "41 d\u00edas h\u00e1biles.", "Materiales": "", "Img_url": "https://aristas.co/wp-content/uploads/2023/08/1.Sofa-duomo-plumas-3-ptos.jpg", "Product_url": "https://aristas.co/producto/sofa-duomo-plumas/"}, {"Categorias": "Salas ", "Linea": "Salas ", "Sublinea": "Sof\u00e1s", "Nombre": "Sof\u00e1 Monaco", "Precio1": "2936000", "Precio2": "3684000", "Medidas": "", "Estructura": "", "Espuma": "Espuma industrializada de alta densidad.", "Tela": "Telas de alta resistencia al desgaste.", "Origen": "100% producci\u00f3n nacional. ", "Certifications": "Maderas Reforestadas: FSC, PEFC > Rainforest alliance > ; Espuma ISO 9001. ", "Tiempo de entrega": "21 d\u00edas h\u00e1biles", "Materiales": "", "Img_url": "https://aristas.co/wp-content/uploads/2023/08/1.Sofa-Monaco.jpg", "Product_url": "https://aristas.co/producto/sofa-monaco/"}, {"Categorias": "Salas ", "Linea": "Salas ", "Sublinea": "Sof\u00e1s", "Nombre": "Sof\u00e1 Bruselas Plus", "Precio1": "2861177", "Precio2": "3765000", "Medidas": "", "Estructura": "", "Espuma": "Espuma industrializada de alta densidad.", "Tela": "Telas de alta resistencia al desgaste.", "Origen": "100% producci\u00f3n nacional. ", "Certifications": "Maderas Reforestadas: FSC, PEFC > Rainforest alliance > ; Espuma ISO 9001. ", "Tiempo de entrega": "21 d\u00edas h\u00e1biles", "Materiales": "", "Img_url": "https://aristas.co/wp-content/uploads/2022/12/Frente.jpg", "Product_url": "https://aristas.co/producto/sofa-bruselas/"}, {"Categorias": "Salas ", "Linea": "Salas ", "Sublinea": "Sof\u00e1s", "Nombre": "Sof\u00e1 Aharon", "Precio1": "2167530", "Precio2": "2864000", "Medidas": "", "Estructura": "21 d\u00edas h\u00e1biles", "Espuma": "Espuma industrializada de alta densidad y resiliencia \u2013 Resortes encapsulados independientes.", "Tela": "Telas de alta resistencia al desgaste.", "Origen": "100% producci\u00f3n nacional. ", "Certifications": "Maderas Reforestadas: FSC > Rainforest alliance > Espuma ISO 9001. ", "Tiempo de entrega": "21 d\u00edas h\u00e1biles", "Materiales": "", "Img_url": "https://aristas.co/wp-content/uploads/2023/06/1.SOFA-AHARON-CHECA-PLATA.jpg", "Product_url": "https://aristas.co/producto/sofa-aharon/"}, {"Categorias": "Salas ", "Linea": "Salas ", "Sublinea": "Sof\u00e1s", "Nombre": "Sof\u00e1 Venetto", "Precio1": "2634000", "Precio2": "3422000", "Medidas": "", "Estructura": "21 d\u00edas h\u00e1biles", "Espuma": "Espuma industrializada de alta densidad.", "Tela": "Telas de alta resistencia al desgaste.", "Origen": "100% producci\u00f3n nacional. ", "Certifications": "Maderas Reforestadas: FSC > Rainforest alliance > Espuma ISO 9001. ", "Tiempo de entrega": "21 d\u00edas h\u00e1biles", "Materiales": "", "Img_url": "https://aristas.co/wp-content/uploads/2020/03/frente-12.jpg", "Product_url": "https://aristas.co/producto/sofa-venetto/"}, {"Categorias": "Salas ", "Linea": "Salas ", "Sublinea": "Sof\u00e1s", "Nombre": "Sof\u00e1 Madrid", "Precio1": "2380000", "Precio2": "2923000", "Medidas": "", "Estructura": "", "Espuma": "Espuma industrializada de alta densidad y alta resistencia", "Tela": "Telas de alta resistencia al desgaste", "Origen": "100% producci\u00f3n nacional. ", "Certifications": "Maderas Reforestadas: FSC > Rainforest alliance > Espuma ISO 9001. ", "Tiempo de entrega": "21 d\u00edas h\u00e1biles.", "Materiales": "", "Img_url": "https://aristas.co/wp-content/uploads/2023/09/sofa-Madrid-frente.jpg", "Product_url": "https://aristas.co/producto/sofa-madrid/"}, {"Categorias": "Salas ", "Linea": "Salas ", "Sublinea": "Sof\u00e1s", "Nombre": "Sof\u00e1 Antonella", "Precio1": "2184000", "Precio2": "2917000", "Medidas": "", "Estructura": "21 d\u00edas h\u00e1biles", "Espuma": "Espuma industrializada de alta densidad.", "Tela": "Telas de alta resistencia al desgaste.", "Origen": "100% producci\u00f3n nacional. ", "Certifications": "Maderas Reforestadas: FSC, PEFC > Rainforest alliance > ; Espuma ISO 9001. ", "Tiempo de entrega": "21 d\u00edas h\u00e1biles", "Materiales": "", "Img_url": "https://aristas.co/wp-content/uploads/2023/08/1.SOFA-ANTONELLA-DICKENS-CUARZO.jpg", "Product_url": "https://aristas.co/producto/sofa-antonella-1/"}, {"Categorias": "Salas ", "Linea": "Salas ", "Sublinea": "Sof\u00e1s", "Nombre": "Sof\u00e1 Modular Emma", "Precio1": "3120000", "Precio2": "4851000", "Medidas": "", "Estructura": "", "Espuma": "Espuma industrializada de alta densidad > Resortes Encapsulados independientes.", "Tela": "Telas de alta resistencia al desgaste.", "Origen": "100% producci\u00f3n nacional. ", "Certifications": "Maderas Reforestadas: FSC, PEFC > Rainforest alliance > ; Espuma ISO 9001. ", "Tiempo de entrega": "21 d\u00edas h\u00e1biles.", "Materiales": "", "Img_url": "https://aristas.co/wp-content/uploads/2023/08/1.SOFA-EMMA-2P.jpg", "Product_url": "https://aristas.co/producto/sofa-modular-emma/"}, {"Categorias": "Salas ", "Linea": "Salas ", "Sublinea": "Sof\u00e1s", "Nombre": "Sof\u00e1 Kaira", "Precio1": "1900016", "Precio2": "2055000", "Medidas": "", "Estructura": "21 d\u00edas h\u00e1biles", "Espuma": "Espuma industrializada de alta densidad.", "Tela": "Telas de alta resistencia al desgaste.", "Origen": "100% producci\u00f3n nacional. ", "Certifications": "Maderas Reforestadas: FSC, PEFC > Rainforest alliance > ; Espuma ISO 9001. ", "Tiempo de entrega": "21 d\u00edas h\u00e1biles", "Materiales": "", "Img_url": "https://aristas.co/wp-content/uploads/2020/07/Sofa-Kaira-frente.jpg", "Product_url": "https://aristas.co/producto/sofa-kaira/"}, {"Categorias": "Salas ", "Linea": "Salas ", "Sublinea": "Sof\u00e1s", "Nombre": "Sof\u00e1 Duomo", "Precio1": "3082000", "Precio2": "3900000", "Medidas": "", "Estructura": "21 d\u00edas h\u00e1biles", "Espuma": "Espuma industrializada de alta densidad", "Tela": "Telas de alta resistencia al desgaste \u2013 Tipo Lona Microfibra., Telas de alta resistencia al desgaste.", "Origen": "100% producci\u00f3n nacional. ", "Certifications": "Maderas Reforestadas: FSC, PEFC > Rainforest alliance > ; Espuma ISO 9001. ", "Tiempo de entrega": "21 d\u00edas h\u00e1biles", "Materiales": "", "Img_url": "https://aristas.co/wp-content/uploads/2023/08/1.Sofa-duomo-plumas-3-ptos.jpg", "Product_url": "https://aristas.co/producto/sofa-duomo/"}, {"Categorias": "Salas ", "Linea": "Salas ", "Sublinea": "Sof\u00e1s", "Nombre": "Sof\u00e1 Lucca 3 Puestos Imp", "Precio1": "4999000", "Precio2": "", "Medidas": "", "Estructura": "", "Espuma": "Espuma industrializada de alta densidad y alta resistencia", "Tela": "Telas de alta resistencia al desgaste", "Origen": "Medio Oriente ", "Certifications": "Maderas Reforestadas: FSC > Rainforest alliance > Espuma ISO 9001. ", "Tiempo de entrega": "8 d\u00edas h\u00e1biles.", "Materiales": "", "Img_url": "https://aristas.co/wp-content/uploads/2023/10/Frente-1.jpg", "Product_url": "https://aristas.co/producto/sofa-lucca-3-puestos-imp/"}, {"Categorias": "Salas ", "Linea": "Salas ", "Sublinea": "Sof\u00e1s", "Nombre": "Sof\u00e1 3P Bonn 658 Imp", "Precio1": "5999000", "Precio2": "5999001", "Medidas": "", "Estructura": "", "Espuma": "Espuma industrializada de alta densidad y alta resistencia", "Tela": "Telas de alta resistencia al desgaste", "Origen": "Medio Oriente ", "Certifications": "", "Tiempo de entrega": "8 d\u00edas h\u00e1biles", "Materiales": "", "Img_url": "https://aristas.co/wp-content/uploads/2023/08/sofa-bomm-3-puestos-frente-1.jpg", "Product_url": "https://aristas.co/producto/sofa-3p-bonn-gris-imp/"}, {"Categorias": "Salas ", "Linea": "Salas ", "Sublinea": "Salas en L", "Nombre": "Sala en L Modular Emma Esquinero + Puff", "Precio1": "7936000", "Precio2": "8640000", "Medidas": "", "Estructura": "Patas taco con acabo en pintura color ceniza", "Espuma": "Espuma industrializada de alta densidad y alta resistencia", "Tela": "Telas de alta resistencia al desgaste", "Origen": "100% producci\u00f3n nacional. ", "Certifications": "Maderas Reforestadas: FSC > Rainforest alliance > Espuma ISO 9001. ", "Tiempo de entrega": "21 d\u00edas h\u00e1biles.", "Materiales": "", "Img_url": "https://aristas.co/wp-content/uploads/2024/01/frente-1.jpg", "Product_url": "https://aristas.co/producto/sala-en-l-modular-emma-esquinero-puff/"}, {"Categorias": "Salas ", "Linea": "Salas ", "Sublinea": "Salas en L", "Nombre": "Sala en L Modular Demand", "Precio1": "5418000", "Precio2": "6649000", "Medidas": "", "Estructura": "Resorte Pocket . Resorte Nosag. Espuma industrializada flexible de poliuretano de alta densidad y alta resistencia. Patas Mil\u00e1n con acabados en pintura: Color Cenizo.", "Espuma": "", "Tela": "Telas de alta resistencia al desgaste", "Origen": "100% producci\u00f3n nacional. ", "Certifications": "Maderas Reforestadas: FSC > Rainforest alliance > Espuma ISO 9001. ", "Tiempo de entrega": "21 d\u00edas h\u00e1biles.", "Materiales": "", "Img_url": "https://aristas.co/wp-content/uploads/2023/08/sala-en-L-Demand-34-scaled-1.jpg", "Product_url": "https://aristas.co/producto/sala-en-l-modular-demand/"}, {"Categorias": "Salas ", "Linea": "Salas ", "Sublinea": "Salas en L", "Nombre": "Sala en L Modular Emma Con Puff", "Precio1": "7172000", "Precio2": "8019000", "Medidas": "", "Estructura": "", "Espuma": "Espuma industrializada de alta densidad > Resortes Encapsulados independientes.", "Tela": "Telas de alta resistencia al desgaste.", "Origen": "100% producci\u00f3n nacional. ", "Certifications": "Maderas Reforestadas: FSC, PEFC > Rainforest alliance > ; Espuma ISO 9001. ", "Tiempo de entrega": "21 d\u00edas h\u00e1biles.", "Materiales": "", "Img_url": "https://aristas.co/wp-content/uploads/2023/08/2.SALA-EN-L-MODULAR-EMMA-PUFF-TAPIZADO.jpg", "Product_url": "https://aristas.co/producto/sala-en-l-modular-emma-con-puff/"}, {"Categorias": "Salas ", "Linea": "Salas ", "Sublinea": "Salas en L", "Nombre": "Sala En L Modular Palermo", "Precio1": "6943000", "Precio2": "7999000", "Medidas": "", "Estructura": "", "Espuma": "", "Tela": "Telas de alta resistencia al desgaste", "Origen": "100% producci\u00f3n nacional. ", "Certifications": "Maderas Reforestadas: FSC > Rainforest alliance > Espuma ISO 9001. ", "Tiempo de entrega": "21 d\u00edas h\u00e1biles.", "Materiales": "", "Img_url": "https://aristas.co/wp-content/uploads/2023/09/frente-1-1.jpg", "Product_url": "https://aristas.co/producto/sala-en-l-modular-palermo/"}, {"Categorias": "Salas ", "Linea": "Salas ", "Sublinea": "Salas en L", "Nombre": "Sala En L Roma 5 M\u00f3dulos", "Precio1": "8306823", "Precio2": "9410001", "Medidas": "", "Estructura": "", "Espuma": "Espuma industrializada de alta densidad y resiliencia \u2013 Resortes en cincha, Nosag y pocket en el asiento", "Tela": "Telas de alta resistencia al desgaste", "Origen": "100% producci\u00f3n nacional. ", "Certifications": "Maderas Reforestadas: FSC > Rainforest alliance > Espuma ISO 9001. ", "Tiempo de entrega": "21 d\u00edas h\u00e1biles.", "Materiales": "", "Img_url": "https://aristas.co/wp-content/uploads/2023/08/1.Sala-en-L-roma-5-modulos.jpg", "Product_url": "https://aristas.co/producto/sala-en-l-roma-5-modulos/"}, {"Categorias": "Salas ", "Linea": "Salas ", "Sublinea": "Salas en L", "Nombre": "Sala En L Modular Maia", "Precio1": "8549000", "Precio2": "9141000", "Medidas": "", "Estructura": "Patas en Metal acabado negro mate.", "Espuma": "Espuma industrializada de alta densidad > Resortes Encapsulados independientes.", "Tela": "Telas de alta resistencia al desgaste.", "Origen": "100% producci\u00f3n nacional. ", "Certifications": "Maderas Reforestadas: FSC > Rainforest alliance > Espuma ISO 9001. ", "Tiempo de entrega": "21 d\u00edas h\u00e1biles", "Materiales": "", "Img_url": "https://aristas.co/wp-content/uploads/2023/08/Sala-Modular-Maia-2.jpg", "Product_url": "https://aristas.co/producto/sala-en-l-modular-maia/"}, {"Categorias": "Salas ", "Linea": "Salas ", "Sublinea": "Salas en L", "Nombre": "Sala En L Modular Maia + Puff", "Precio1": "10248000", "Precio2": "10557000", "Medidas": "", "Estructura": "Patas en Metal acabado negro mate.", "Espuma": "Espuma industrializada de alta densidad > Resortes Encapsulados independientes.", "Tela": "Telas de alta resistencia al desgaste.", "Origen": "100% producci\u00f3n nacional. ", "Certifications": "Maderas Reforestadas: FSC > Rainforest alliance > Espuma ISO 9001. ", "Tiempo de entrega": "21 d\u00edas h\u00e1biles", "Materiales": "", "Img_url": "https://aristas.co/wp-content/uploads/2024/01/34-1.jpg", "Product_url": "https://aristas.co/producto/sala-en-l-modular-maia-puff/"}, {"Categorias": "Salas ", "Linea": "Salas ", "Sublinea": "Salas en L", "Nombre": "Modular Con Puff Vitaro Plus Plumas", "Precio1": "8298000", "Precio2": "8897000", "Medidas": "", "Estructura": "21 d\u00edas h\u00e1biles", "Espuma": "Espuma industrializada de alta densidad > Pluma de pato de 2 a 4 cms, certificaci\u00f3n de pluma proveniente de un \u00e1rea no epizo\u00f3tica.", "Tela": "Telas de alta resistencia al desgaste", "Origen": "100% producci\u00f3n nacional. ", "Certifications": "Maderas Reforestadas: FSC > Rainforest alliance > Espuma ISO 9001. ", "Tiempo de entrega": "", "Materiales": "", "Img_url": "https://aristas.co/wp-content/uploads/2021/10/Modular-Con-Puff-Vitaro-frente.jpg", "Product_url": "https://aristas.co/producto/modular-con-puff-vitaro-plus-plumas/"}, {"Categorias": "Salas ", "Linea": "Salas ", "Sublinea": "Salas en L", "Nombre": "Sala En L Modular Madrid", "Precio1": "4374000", "Precio2": "4855000", "Medidas": "", "Estructura": "", "Espuma": "Espuma industrializada de alta densidad y alta resistencia", "Tela": "Telas de alta resistencia al desgaste", "Origen": "100% producci\u00f3n nacional. ", "Certifications": "Maderas Reforestadas: FSC > Rainforest alliance > Espuma ISO 9001. ", "Tiempo de entrega": "21 d\u00edas h\u00e1biles.", "Materiales": "", "Img_url": "https://aristas.co/wp-content/uploads/2023/08/34-1-2.jpg", "Product_url": "https://aristas.co/producto/sala-en-l-modular-madrid/"}, {"Categorias": "Salas ", "Linea": "Salas ", "Sublinea": "Salas en L", "Nombre": "Sala En L Modular Artik Plumas", "Precio1": "5312000", "Precio2": "7425000", "Medidas": "", "Estructura": "21 d\u00edas h\u00e1biles", "Espuma": "Espuma industrializada de alta densidad > Pluma de pato de 2 a 4 cms, certificaci\u00f3n de pluma proveniente de un \u00e1rea no epizo\u00f3tica.", "Tela": "Telas de alta resistencia al desgaste", "Origen": "100% producci\u00f3n nacional. ", "Certifications": "Maderas Reforestadas: FSC > Rainforest alliance > Espuma ISO 9001. ", "Tiempo de entrega": "", "Materiales": "", "Img_url": "https://aristas.co/wp-content/uploads/2023/09/Modular-en-L-Artik-.jpg", "Product_url": "https://aristas.co/producto/sala-en-l-modular-artik-plumas/"}, {"Categorias": "Salas ", "Linea": "Salas ", "Sublinea": "Salas en L", "Nombre": "Modular Con Poltrona Y Puff Vitaro Plus Plumas", "Precio1": "9187000", "Precio2": "9928000", "Medidas": "", "Estructura": "21 d\u00edas h\u00e1biles", "Espuma": "Espuma industrializada de alta densidad > Pluma de pato de 2 a 4 cms, certificaci\u00f3n de pluma proveniente de un \u00e1rea no epizo\u00f3tica.", "Tela": "Telas de alta resistencia al desgaste", "Origen": "100% producci\u00f3n nacional. ", "Certifications": "Maderas Reforestadas: FSC > Rainforest alliance > Espuma ISO 9001. ", "Tiempo de entrega": "", "Materiales": "", "Img_url": "https://aristas.co/wp-content/uploads/2021/10/Modular-Con-Poltrona-Y-Puff-Vitaro-Plus-Plumas-frente.jpg", "Product_url": "https://aristas.co/producto/modular-con-poltrona-y-puff-vitaro-plus-plumas/"}, {"Categorias": "Salas ", "Linea": "Salas ", "Sublinea": "Salas en L", "Nombre": "Modular Con Puff Vitaro Plus", "Precio1": "6869000", "Precio2": "7480000", "Medidas": "", "Estructura": "21 d\u00edas h\u00e1biles", "Espuma": "Espuma industrializada de alta densidad.", "Tela": "Telas de alta resistencia al desgaste", "Origen": "100% producci\u00f3n nacional. ", "Certifications": "Maderas Reforestadas: FSC > Rainforest alliance > Espuma ISO 9001. ", "Tiempo de entrega": "", "Materiales": "", "Img_url": "https://aristas.co/wp-content/uploads/2023/09/frente-con-puff.jpg", "Product_url": "https://aristas.co/producto/modular-con-puff-vitaro-plus/"}, {"Categorias": "Salas ", "Linea": "Salas ", "Sublinea": "Salas en L", "Nombre": "Sala En L Modular Vitaro Plus Plumas", "Precio1": "6099000", "Precio2": "7117000", "Medidas": "", "Estructura": "21 d\u00edas h\u00e1biles", "Espuma": "Espuma industrializada de alta densidad > Pluma de pato de 2 a 4 cms, certificaci\u00f3n de pluma proveniente de un \u00e1rea no epizo\u00f3tica.", "Tela": "Telas de alta resistencia al desgaste", "Origen": "100% producci\u00f3n nacional. ", "Certifications": "Maderas Reforestadas: FSC > Rainforest alliance > Espuma ISO 9001. ", "Tiempo de entrega": "", "Materiales": "", "Img_url": "https://aristas.co/wp-content/uploads/2021/10/Sala-En-L-Modular-Vitaro-Plus-Plumas-frente.jpg", "Product_url": "https://aristas.co/producto/sala-en-l-modular-vitaro-plus-plumas/"}, {"Categorias": "Salas ", "Linea": "Salas ", "Sublinea": "Salas en L", "Nombre": "Modular Con Poltrona Y Puff Artik Plumas", "Precio1": "7624000", "Precio2": "9978000", "Medidas": "", "Estructura": "21 d\u00edas h\u00e1biles", "Espuma": "Espuma industrializada de alta densidad > Pluma de pato de 2 a 4 cms, certificaci\u00f3n de pluma proveniente de un \u00e1rea no epizo\u00f3tica.", "Tela": "Telas de alta resistencia al desgaste", "Origen": "100% producci\u00f3n nacional. ", "Certifications": "Maderas Reforestadas: FSC > Rainforest alliance > Espuma ISO 9001. ", "Tiempo de entrega": "", "Materiales": "", "Img_url": "https://aristas.co/wp-content/uploads/2023/09/Modular-en-L-Artik-frente-con-puff-y-poltrona.jpg", "Product_url": "https://aristas.co/producto/modular-con-poltrona-y-puff-artik-plumas/"}, {"Categorias": "Salas ", "Linea": "Salas ", "Sublinea": "Salas en L", "Nombre": "Sala En L Roma 4 M\u00f3dulos", "Precio1": "7400000", "Precio2": "8122001", "Medidas": "", "Estructura": "Espuma industrializada de alta densidad y resiliencia Resortes en cincha, Nosag y pocket en el asiento. Pluma de pato de 2 a 4 cms, certificaci\u00f3n de pluma proveniente de un \u00e1rea no epizo\u00f3tica.", "Espuma": "Espuma industrializada de alta densidad y resiliencia", "Tela": "Telas de alta resistencia al desgaste", "Origen": "100% producci\u00f3n nacional. ", "Certifications": "Maderas Reforestadas: FSC > Rainforest alliance > Espuma ISO 9001. ", "Tiempo de entrega": "21 d\u00edas h\u00e1biles.", "Materiales": "", "Img_url": "https://aristas.co/wp-content/uploads/2023/08/1.Sala-en-L-roma-4-modulos.jpg", "Product_url": "https://aristas.co/producto/sala-en-l-roma-4-modulos/"}, {"Categorias": "Salas ", "Linea": "Salas ", "Sublinea": "Salas en L", "Nombre": "Sala En L Modular Artik", "Precio1": "4412000", "Precio2": "6525000", "Medidas": "", "Estructura": "21 d\u00edas h\u00e1biles", "Espuma": "Espuma industrializada de alta densidad.", "Tela": "Telas de alta resistencia al desgaste", "Origen": "100% producci\u00f3n nacional. ", "Certifications": "Maderas Reforestadas: FSC > Rainforest alliance > Espuma ISO 9001. ", "Tiempo de entrega": "21 d\u00edas habiles", "Materiales": "", "Img_url": "https://aristas.co/wp-content/uploads/2023/09/Modular-en-L-Artik-34-.jpg", "Product_url": "https://aristas.co/producto/sala-en-l-modular-artik/"}, {"Categorias": "Salas ", "Linea": "Salas ", "Sublinea": "Salas en L", "Nombre": "Modular Con Poltrona Y Puff Vitaro Plus", "Precio1": "8287000", "Precio2": "9028000", "Medidas": "", "Estructura": "21 d\u00edas h\u00e1biles", "Espuma": "Espuma industrializada de alta densidad.", "Tela": "Telas de alta resistencia al desgaste", "Origen": "100% producci\u00f3n nacional. ", "Certifications": "Maderas Reforestadas: FSC > Rainforest alliance > Espuma ISO 9001. ", "Tiempo de entrega": "", "Materiales": "", "Img_url": "https://aristas.co/wp-content/uploads/2023/09/frente-puffpoltrona.jpg", "Product_url": "https://aristas.co/producto/modular-con-poltrona-y-puff-vitaro-plus/"}, {"Categorias": "Salas ", "Linea": "Salas ", "Sublinea": "Salas en L", "Nombre": "Sala En L Modular Vitaro Plus", "Precio1": "5749000", "Precio2": "6267000", "Medidas": "", "Estructura": "21 d\u00edas h\u00e1biles", "Espuma": "Espuma industrializada de alta densidad.", "Tela": "Telas de alta resistencia al desgaste", "Origen": "100% producci\u00f3n nacional. ", "Certifications": "Maderas Reforestadas: FSC > Rainforest alliance > Espuma ISO 9001. ", "Tiempo de entrega": "", "Materiales": "", "Img_url": "https://aristas.co/wp-content/uploads/2023/09/frente-sin-puff.jpg", "Product_url": "https://aristas.co/producto/sala-en-l-modular-vitaro-plus/"}, {"Categorias": "Salas ", "Linea": "Salas ", "Sublinea": "Salas en L", "Nombre": "Modular Con Puff Antonella", "Precio1": "4436000", "Precio2": "5109000", "Medidas": "", "Estructura": "21 d\u00edas h\u00e1biles", "Espuma": "Espuma industrializada de alta densidad.", "Tela": "Telas de alta resistencia al desgaste", "Origen": "100% producci\u00f3n nacional. ", "Certifications": "Maderas Reforestadas: FSC > Rainforest alliance > Espuma ISO 9001. ", "Tiempo de entrega": "", "Materiales": "", "Img_url": "https://aristas.co/wp-content/uploads/2023/08/1-Modular-Puff-Antonella-9.jpg", "Product_url": "https://aristas.co/producto/modular-con-puff-antonella/"}, {"Categorias": "Salas ", "Linea": "Salas ", "Sublinea": "Salas en L", "Nombre": "Sala En L Modular Antonella", "Precio1": "3637000", "Precio2": "4229000", "Medidas": "", "Estructura": "", "Espuma": "Espuma industrializada de alta densidad y resiliencia", "Tela": "Telas de alta resistencia al desgaste", "Origen": "100% producci\u00f3n nacional. ", "Certifications": "Maderas Reforestadas: FSC > Rainforest alliance > Espuma ISO 9001. ", "Tiempo de entrega": "21 d\u00edas h\u00e1biles.", "Materiales": "", "Img_url": "https://aristas.co/wp-content/uploads/2023/08/1-Sala-En-L-Modular-Antonella.jpg", "Product_url": "https://aristas.co/producto/sala-en-l-modular-antonella/"}, {"Categorias": "Salas ", "Linea": "Salas ", "Sublinea": "Salas en L", "Nombre": "Sala En L Modular Venetto", "Precio1": "4651000", "Precio2": "4749000", "Medidas": "", "Estructura": "", "Espuma": "Espuma industrializada de alta densidad y resiliencia", "Tela": "Telas de alta resistencia al desgaste", "Origen": "100% producci\u00f3n nacional. ", "Certifications": "Maderas Reforestadas: FSC > Rainforest alliance > Espuma ISO 9001. ", "Tiempo de entrega": "21 d\u00edas h\u00e1biles.", "Materiales": "", "Img_url": "https://aristas.co/wp-content/uploads/2023/08/4600.jpg", "Product_url": "https://aristas.co/producto/sala-en-l-modular-venetto/"}, {"Categorias": "Salas ", "Linea": "Salas ", "Sublinea": "Salas en L", "Nombre": "Sala En L Sof\u00e1 Cama Multifuncional Napoli Plumas", "Precio1": "5068000", "Precio2": "6160000", "Medidas": "", "Estructura": "", "Espuma": "Espuma industrializada de alta densidad > Pluma de pato de 2 a 4 cms, certificaci\u00f3n de pluma proveniente de un \u00e1rea no epizo\u00f3tica.", "Tela": "Telas de alta resistencia al desgaste.", "Origen": "100% producci\u00f3n nacional. ", "Certifications": "Maderas Reforestadas: FSC > Rainforest alliance > Espuma ISO 9001. ", "Tiempo de entrega": "21 d\u00edas h\u00e1biles", "Materiales": "", "Img_url": "https://aristas.co/wp-content/uploads/2023/08/Sala-en-L-multifuncional-napoli-plumas.jpg", "Product_url": "https://aristas.co/producto/sala-en-l-sofa-cama-multifuncional-napoli-plumas/"}, {"Categorias": "Salas ", "Linea": "Salas ", "Sublinea": "Salas en L", "Nombre": "Sala En L Sof\u00e1 Cama Multifuncional Brooklyn", "Precio1": "6400000", "Precio2": "7416000", "Medidas": "", "Estructura": "", "Espuma": "Espuma industrializada de alta densidad y resiliencia \u2013 Pluma de pato de 2 a 4 cms, certificaci\u00f3n de pluma proveniente de un \u00e1rea no epizo\u00f3tica.", "Tela": "Telas de alta resistencia al desgaste.", "Origen": "100% producci\u00f3n nacional. ", "Certifications": "Maderas Reforestadas: FSC > Rainforest alliance > Espuma ISO 9001. ", "Tiempo de entrega": "21 d\u00edas h\u00e1biles.", "Materiales": "", "Img_url": "https://aristas.co/wp-content/uploads/2023/08/1.SALA-EN-L-SOFA-CAMA-MULTIFUNCIONAL-BROOKLIN.jpg", "Product_url": "https://aristas.co/producto/sala-en-l-sofa-cama-multifuncional-brooklin/"}, {"Categorias": "Salas ", "Linea": "Salas ", "Sublinea": "Salas en L", "Nombre": "Sala En L Sof\u00e1 Cama Multifuncional Napoli", "Precio1": "4978823", "Precio2": "5610000", "Medidas": "", "Estructura": "21 d\u00edas h\u00e1biles", "Espuma": "Espuma industrializada de alta densidad > Pluma de pato de 2 a 4 cms, certificaci\u00f3n de pluma proveniente de un \u00e1rea no epizo\u00f3tica.", "Tela": "Telas de alta resistencia al desgaste.", "Origen": "100% producci\u00f3n nacional. ", "Certifications": "Maderas Reforestadas: FSC > Rainforest alliance > Espuma ISO 9001. ", "Tiempo de entrega": "21 d\u00edas h\u00e1biles", "Materiales": "", "Img_url": "https://aristas.co/wp-content/uploads/2023/08/1-4343.jpg", "Product_url": "https://aristas.co/producto/sala-en-l-sofacama-multifuncional-napoli/"}, {"Categorias": "Salas ", "Linea": "Salas ", "Sublinea": "Salas en L", "Nombre": "Sala en L Modular Emma Esquinero", "Precio1": "7928470", "Precio2": "8982001", "Medidas": "", "Estructura": "Patas taco con acabo en pintura color ceniza", "Espuma": "Espuma industrializada de alta densidad y alta resistencia", "Tela": "Telas de alta resistencia al desgaste", "Origen": "100% producci\u00f3n nacional. ", "Certifications": "Maderas Reforestadas: FSC > Rainforest alliance > Espuma ISO 9001. ", "Tiempo de entrega": "21 d\u00edas h\u00e1biles.", "Materiales": "", "Img_url": "https://aristas.co/wp-content/uploads/2023/06/lado.jpg", "Product_url": "https://aristas.co/producto/sala-en-l-modular-emma-esquinero/"}, {"Categorias": "Salas ", "Linea": "Salas ", "Sublinea": "Sof\u00e1 camas", "Nombre": "Sof\u00e1 Cama Boston", "Precio1": "2627765", "Precio2": "2966000", "Medidas": "", "Estructura": "Patas met\u00e1licas, pintada en negro mate.", "Espuma": "Resorte Nosag e hilo PP. Espuma industrializada flexible de poliuretano de alta densidad y alta resistencia", "Tela": "Telas de alta resistencia al desgaste", "Origen": "100% producci\u00f3n nacional. ", "Certifications": "Maderas Reforestadas: FSC > Rainforest alliance > Espuma ISO 9001. ", "Tiempo de entrega": "21 d\u00edas h\u00e1biles.", "Materiales": "", "Img_url": "https://aristas.co/wp-content/uploads/2023/08/sofa-cama-parte-delantera-estirada.jpg", "Product_url": "https://aristas.co/producto/sofacama-boston/"}, {"Categorias": "Salas ", "Linea": "Salas ", "Sublinea": "Sof\u00e1 camas", "Nombre": "Sof\u00e1 Cama Cronos 3 Posiciones", "Precio1": "2449000", "Precio2": "2708000", "Medidas": "", "Estructura": "21 d\u00edas h\u00e1biles", "Espuma": "Espuma industrializada de alta densidad > Resortes Encapsulados independientes en el asiento.", "Tela": "Telas de alta resistencia al desgaste.", "Origen": "100% producci\u00f3n nacional. ", "Certifications": "Maderas Reforestadas: FSC, PEFC > Rainforest alliance > ; Espuma ISO 9001. ", "Tiempo de entrega": "21 d\u00edas h\u00e1biles", "Materiales": "", "Img_url": "https://aristas.co/wp-content/uploads/2023/08/1-Sofa-Cama-Cronos-3-Posiciones-_-Cuarzo.jpg", "Product_url": "https://aristas.co/producto/sofacama-cronos-3-posiciones/"}, {"Categorias": "Salas ", "Linea": "Salas ", "Sublinea": "Sof\u00e1 camas", "Nombre": "Sof\u00e1 Cama Julieta", "Precio1": "2852000", "Precio2": "3199000", "Medidas": "", "Estructura": "", "Espuma": "Espuma industrializada de alta densidad y alta resistencia", "Tela": "Telas de alta resistencia al desgaste", "Origen": "100% producci\u00f3n nacional. ", "Certifications": "Maderas Reforestadas: FSC > Rainforest alliance > Espuma ISO 9001. ", "Tiempo de entrega": "21 d\u00edas h\u00e1biles.", "Materiales": "", "Img_url": "https://aristas.co/wp-content/uploads/2023/09/sofa-cama-julietha-frente.jpg", "Product_url": "https://aristas.co/producto/sofa-cama-julieta/"}, {"Categorias": "Salas ", "Linea": "Salas ", "Sublinea": "Sof\u00e1 camas", "Nombre": "Sof\u00e1 Cama Napoli", "Precio1": "3315000", "Precio2": "3655000", "Medidas": "", "Estructura": "21 d\u00edas h\u00e1biles", "Espuma": "Espuma industrializada de alta densidad", "Tela": "Telas de alta resistencia al desgaste.", "Origen": "100% producci\u00f3n nacional. ", "Certifications": "Maderas Reforestadas: FSC, PEFC > Rainforest alliance > ; Espuma ISO 9001. ", "Tiempo de entrega": "21 d\u00edas h\u00e1biles", "Materiales": "", "Img_url": "https://aristas.co/wp-content/uploads/2023/08/1-4520.jpg", "Product_url": "https://aristas.co/producto/sofacama-napoli/"}, {"Categorias": "Salas ", "Linea": "Salas ", "Sublinea": "Sof\u00e1 camas", "Nombre": "Sof\u00e1 Cama Brooklin", "Precio1": "4549000", "Precio2": "5067000", "Medidas": "", "Estructura": "21 d\u00edas h\u00e1biles", "Espuma": "Espuma industrializada de alta densidad y resiliencia > Resortes Encapsulados independientes en el asiento > Pluma de pato de 2 a 4 cms, certificaci\u00f3n de pluma proveniente de un \u00e1rea no epizo\u00f3tica.", "Tela": "Telas de alta resistencia al desgaste.", "Origen": "100% producci\u00f3n nacional. ", "Certifications": "Maderas Reforestadas: FSC, PEFC > Rainforest alliance > ; Espuma ISO 9001. ", "Tiempo de entrega": "21 d\u00edas h\u00e1biles", "Materiales": "", "Img_url": "https://aristas.co/wp-content/uploads/2023/08/1-Sofa-Cama-Brooklin-_-Cuarzo.jpg", "Product_url": "https://aristas.co/producto/sofacama-brooklin/"}, {"Categorias": "Salas ", "Linea": "Salas ", "Sublinea": "Sof\u00e1 camas", "Nombre": "Sof\u00e1 Cama Piccolo", "Precio1": "3002000", "Precio2": "3317000", "Medidas": "", "Estructura": "21 d\u00edas h\u00e1biles", "Espuma": "Espuma industrializada de alta densidad", "Tela": "Telas de alta resistencia al desgaste.", "Origen": "100% producci\u00f3n nacional. ", "Certifications": "Maderas Reforestadas: FSC, PEFC > Rainforest alliance > ; Espuma ISO 9001. ", "Tiempo de entrega": "21 d\u00edas h\u00e1biles", "Materiales": "", "Img_url": "https://aristas.co/wp-content/uploads/2023/08/Sofa-cama-piccolo-frente.jpg", "Product_url": "https://aristas.co/producto/sofacama-piccolo/"}, {"Categorias": "Salas ", "Linea": "Salas ", "Sublinea": "Sof\u00e1 camas", "Nombre": "Sof\u00e1 Cama Cronos 6 Posiciones", "Precio1": "2949000", "Precio2": "3264000", "Medidas": "", "Estructura": "", "Espuma": "Espuma industrializada de alta densidad > Resortes Encapsulados independientes en el asiento.", "Tela": "Telas de alta resistencia al desgaste.", "Origen": "100% producci\u00f3n nacional. ", "Certifications": "Maderas Reforestadas: FSC, PEFC > Rainforest alliance > ; Espuma ISO 9001. ", "Tiempo de entrega": "21 d\u00edas h\u00e1biles", "Materiales": "", "Img_url": "https://aristas.co/wp-content/uploads/2020/07/34-cabecero-levantado.jpg", "Product_url": "https://aristas.co/producto/sofacama-cronos-6-posiciones/"}, {"Categorias": "Salas ", "Linea": "Salas ", "Sublinea": "Sof\u00e1 camas", "Nombre": "Sala En L Sof\u00e1 Cama Multifuncional Napoli Plumas", "Precio1": "5068000", "Precio2": "6160000", "Medidas": "", "Estructura": "", "Espuma": "Espuma industrializada de alta densidad > Pluma de pato de 2 a 4 cms, certificaci\u00f3n de pluma proveniente de un \u00e1rea no epizo\u00f3tica.", "Tela": "Telas de alta resistencia al desgaste.", "Origen": "100% producci\u00f3n nacional. ", "Certifications": "Maderas Reforestadas: FSC > Rainforest alliance > Espuma ISO 9001. ", "Tiempo de entrega": "21 d\u00edas h\u00e1biles", "Materiales": "", "Img_url": "https://aristas.co/wp-content/uploads/2023/08/Sala-en-L-multifuncional-napoli-plumas.jpg", "Product_url": "https://aristas.co/producto/sala-en-l-sofa-cama-multifuncional-napoli-plumas/"}]